City,Lat,lng,Max Temp,Humidity,Cloudiness,Wind Speed,Country,Date
tuktoyaktuk,69.4541,-133.0374,54.66,58.0,100.0,8.5,CA,1628989294.0
qaanaaq,77.484,-69.3632,40.59,100.0,100.0,3.53,GL,1628989295.0
flinders,-34.5833,150.8552,65.05,46.0,33.0,5.99,AU,1628989295.0
batemans bay,-35.7167,150.1833,60.91,31.0,86.0,2.3,AU,1628989207.0
dikson,73.5069,80.5464,50.22,90.0,100.0,16.93,RU,1628989296.0
souris,49.6172,-100.2612,86.74,25.0,0.0,7.29,CA,1628989296.0
kudahuvadhoo,2.6708,72.8944,81.9,75.0,100.0,18.84,MV,1628989296.0
upernavik,72.7868,-56.1549,44.62,98.0,100.0,17.18,GL,1628989297.0
skibbereen,51.55,-9.2667,58.8,95.0,100.0,14.9,IE,1628989297.0
cayenne,4.9333,-52.3333,81.09,84.0,0.0,2.3,GF,1628989297.0
bluff,-46.6,168.3333,54.81,73.0,94.0,19.86,NZ,1628989298.0
new norfolk,-42.7826,147.0587,60.3,55.0,100.0,8.01,AU,1628989298.0
port alfred,-33.5906,26.891,56.7,73.0,20.0,5.99,ZA,1628989299.0
venezuela,8.0,-66.0,73.49,94.0,100.0,10.67,VE,1628989299.0
puerto ayora,-0.7393,-90.3518,68.56,93.0,95.0,5.01,EC,1628989299.0
khatanga,71.9667,102.5,58.46,52.0,53.0,6.17,RU,1628989300.0
kaitangata,-46.2817,169.8464,54.43,64.0,85.0,10.47,NZ,1628989300.0
yellowknife,62.456,-114.3525,54.01,92.0,100.0,14.92,CA,1628989281.0
hilo,19.7297,-155.09,82.26,71.0,5.0,4.0,US,1628988815.0
ushuaia,-54.8,-68.3,32.14,85.0,100.0,4.34,AR,1628989301.0
cape town,-33.9258,18.4232,54.12,66.0,0.0,4.61,ZA,1628989209.0
rikitea,-23.1203,-134.9692,74.66,81.0,2.0,17.74,PF,1628989051.0
newport,51.5877,-2.9984,63.18,91.0,13.0,7.56,GB,1628989302.0
busselton,-33.65,115.3333,52.7,75.0,0.0,8.3,AU,1628989302.0
simitli,41.8833,23.1167,65.75,63.0,0.0,1.72,BG,1628989302.0
hobart,-42.8794,147.3294,60.66,50.0,20.0,15.01,AU,1628989303.0
bereda,43.2686,-7.5406,61.57,96.0,59.0,2.44,ES,1628989303.0
ballina,-28.8667,153.5667,72.79,65.0,0.0,1.61,AU,1628989304.0
butaritari,3.0707,172.7902,82.31,72.0,96.0,5.95,KI,1628989304.0
avarua,-21.2078,-159.775,75.25,73.0,75.0,11.5,CK,1628989304.0
kapaa,22.0752,-159.319,87.78,71.0,7.0,5.99,US,1628989305.0
coahuayana,18.7333,-103.6833,82.56,84.0,35.0,2.73,MX,1628989305.0
tiksi,71.6872,128.8694,46.24,71.0,100.0,7.67,RU,1628989306.0
tagbac,7.089,125.1567,80.67,68.0,85.0,0.31,PH,1628989306.0
albany,42.6001,-73.9662,71.64,56.0,14.0,3.0,US,1628988764.0
kavieng,-2.5744,150.7967,85.82,68.0,63.0,12.46,PG,1628989307.0
seymchan,62.8833,152.4333,56.55,63.0,83.0,13.18,RU,1628989307.0
kodiak,57.79,-152.4072,57.13,55.0,6.0,13.6,US,1628989307.0
saint george,37.1041,-113.5841,102.63,18.0,75.0,13.0,US,1628989230.0
sola,-13.8833,167.55,77.97,76.0,78.0,27.89,VU,1628989308.0
vaini,-21.2,-175.2,68.81,57.0,0.0,15.66,TO,1628989308.0
chabahar,25.2919,60.643,79.39,85.0,91.0,11.07,IR,1628989309.0
yarada,17.65,83.2667,79.12,100.0,75.0,2.3,IN,1628989309.0
ancud,-41.8697,-73.8203,43.43,87.0,99.0,4.52,CL,1628989310.0
eureka,40.8021,-124.1637,66.18,78.0,100.0,4.0,US,1628989195.0
sisimiut,66.9395,-53.6735,47.1,87.0,56.0,30.29,GL,1628989310.0
camacha,33.0833,-16.3333,70.56,83.0,40.0,11.5,PT,1628989311.0
bethel,41.3712,-73.414,79.48,74.0,8.0,6.35,US,1628989069.0
kurilsk,45.2333,147.8833,58.84,69.0,2.0,6.4,RU,1628989311.0
norman wells,65.282,-126.8329,55.44,76.0,90.0,6.91,CA,1628989312.0
punta arenas,-53.15,-70.9167,41.41,96.0,100.0,4.74,CL,1628989312.0
deputatskiy,69.3,139.9,45.66,60.0,100.0,2.48,RU,1628989312.0
vanimo,-2.6741,141.3028,85.05,67.0,100.0,7.25,PG,1628989313.0
barrow,71.2906,-156.7887,43.02,90.0,100.0,15.61,US,1628989206.0
vilhena,-12.7406,-60.1458,72.54,39.0,100.0,2.51,BR,1628989314.0
tasiilaq,65.6145,-37.6368,42.96,93.0,51.0,2.3,GL,1628989314.0
vikulovo,56.8167,70.6107,57.45,68.0,5.0,6.13,RU,1628989315.0
arraial do cabo,-22.9661,-42.0278,67.86,81.0,100.0,8.34,BR,1628989190.0
shieli,44.1667,66.75,60.8,44.0,0.0,9.75,KZ,1628989316.0
hermanus,-34.4187,19.2345,53.91,77.0,0.0,11.34,ZA,1628989316.0
saskylakh,71.9167,114.0833,55.2,50.0,91.0,7.49,RU,1628989317.0
provideniya,64.3833,-173.3,56.64,72.0,100.0,9.15,RU,1628989317.0
bredasdorp,-34.5322,20.0403,50.29,92.0,0.0,5.28,ZA,1628989317.0
mizan teferi,6.9833,35.5833,60.39,97.0,99.0,2.21,ET,1628989318.0
fortuna,40.5982,-124.1573,64.92,87.0,20.0,1.99,US,1628989318.0
airai,-8.9266,125.4092,70.18,45.0,1.0,5.14,TL,1628989319.0
sauda,59.6506,6.3542,57.69,98.0,99.0,5.37,NO,1628989319.0
grand gaube,-20.0064,57.6608,68.38,75.0,100.0,5.01,MU,1628989320.0
saint-philippe,-21.3585,55.7679,67.55,77.0,94.0,15.08,RE,1628989320.0
lebu,-37.6167,-73.65,45.9,86.0,67.0,1.83,CL,1628989321.0
manjacaze,-24.7117,33.8828,61.12,73.0,98.0,4.18,MZ,1628989321.0
kilembe,0.2,30.0,61.36,86.0,90.0,3.11,UG,1628989322.0
geraldton,-28.7667,114.6,54.01,62.0,0.0,2.3,AU,1628989322.0
jacareacanga,-6.2222,-57.7528,76.41,76.0,91.0,2.95,BR,1628989323.0
salalah,17.0151,54.0924,75.0,96.0,100.0,4.23,OM,1628989324.0
kangavar,34.5043,47.9653,69.66,20.0,0.0,2.55,IR,1628989324.0
mahajanga,-15.7167,46.3167,69.82,64.0,20.0,5.75,MG,1628989325.0
mahebourg,-20.4081,57.7,68.25,76.0,97.0,18.61,MU,1628989269.0
buta,2.7858,24.73,67.77,89.0,100.0,1.12,CD,1628989325.0
imbituba,-28.24,-48.6703,59.16,97.0,34.0,8.14,BR,1628989325.0
husavik,66.0449,-17.3389,46.96,86.0,41.0,5.12,IS,1628989326.0
mataura,-46.1927,168.8643,54.48,64.0,84.0,7.85,NZ,1628989326.0
hasaki,35.7333,140.8333,66.6,92.0,100.0,24.43,JP,1628989327.0
pevek,69.7008,170.3133,36.19,96.0,100.0,15.43,RU,1628989327.0
florence,43.7667,11.25,77.65,68.0,0.0,3.44,IT,1628989327.0
san cristobal,7.7669,-72.225,65.37,97.0,100.0,2.51,VE,1628989328.0
atuona,-9.8,-139.0333,78.55,79.0,23.0,20.13,PF,1628989328.0
guiyang,26.5833,106.7167,66.69,94.0,90.0,6.71,CN,1628989093.0
clyde river,70.4692,-68.5914,39.9,93.0,100.0,1.7,CA,1628989329.0
novyy urengoy,66.0833,76.6333,61.61,83.0,100.0,13.42,RU,1628989329.0
severo-kurilsk,50.6789,156.125,57.67,80.0,6.0,9.98,RU,1628989329.0
guiratinga,-16.3494,-53.7583,73.18,32.0,0.0,1.1,BR,1628989330.0
hithadhoo,-0.6,73.0833,82.09,74.0,80.0,17.4,MV,1628989330.0
shimoda,34.6667,138.95,80.71,95.0,100.0,11.12,JP,1628989331.0
sao filipe,14.8961,-24.4956,74.8,79.0,91.0,8.75,CV,1628989331.0
cabo san lucas,22.8909,-109.9124,92.61,67.0,1.0,10.0,MX,1628989179.0
port blair,11.6667,92.75,78.73,90.0,100.0,11.77,IN,1628989331.0
kruisfontein,-34.0033,24.7314,46.89,83.0,2.0,3.83,ZA,1628989332.0
elban,50.1018,136.5094,73.45,60.0,80.0,5.97,RU,1628989332.0
lavrentiya,65.5833,-171.0,53.83,74.0,100.0,9.84,RU,1628989333.0
haskovo,41.9403,25.5694,67.62,66.0,0.0,1.81,BG,1628989333.0
vangaindrano,-23.35,47.6,61.23,80.0,100.0,8.37,MG,1628989333.0
luderitz,-26.6481,15.1594,60.89,40.0,0.0,5.88,NA,1628989334.0
indiana,40.0003,-86.2503,72.95,76.0,1.0,5.75,US,1628989210.0
caravelas,-17.7125,-39.2481,67.84,84.0,4.0,4.99,BR,1628989334.0
lompoc,34.6391,-120.4579,82.11,78.0,1.0,13.8,US,1628989335.0
redlands,34.0556,-117.1825,103.57,31.0,40.0,1.01,US,1628989231.0
ribeira grande,38.5167,-28.7,71.67,81.0,85.0,12.75,PT,1628989335.0
kibala,9.1104,18.3463,71.4,96.0,96.0,1.68,TD,1628989336.0
trabzon,40.9167,39.8333,68.09,64.0,75.0,9.22,TR,1628989336.0
baruun-urt,46.6806,113.2792,64.38,71.0,10.0,13.15,MN,1628989336.0
namibe,-15.1961,12.1522,64.9,90.0,28.0,2.86,AO,1628989337.0
lipin bor,60.2622,37.9763,57.81,90.0,100.0,11.23,RU,1628989337.0
lethem,3.3803,-59.7968,74.39,93.0,90.0,2.93,GY,1628989338.0
mpika,-11.8343,31.4529,52.65,75.0,2.0,4.63,ZM,1628989338.0
umm lajj,25.0213,37.2685,88.86,41.0,64.0,7.61,SA,1628989339.0
paralimni,35.0375,33.9833,85.12,55.0,0.0,8.01,CY,1628989339.0
sitka,57.0531,-135.33,57.27,75.0,100.0,5.12,US,1628989339.0
faanui,-16.4833,-151.75,79.03,72.0,10.0,6.6,PF,1628989340.0
pointe michel,15.25,-61.3833,79.97,79.0,100.0,6.42,DM,1628989340.0
aku,6.7081,7.3167,71.26,97.0,100.0,5.57,NG,1628989340.0
carutapera,-1.195,-46.02,75.11,91.0,77.0,5.17,BR,1628989341.0
korla,41.7597,86.1469,77.49,32.0,100.0,5.1,CN,1628989341.0
hidalgotitlan,17.7833,-94.6333,77.45,89.0,3.0,5.35,MX,1628989342.0
saint anthony,45.0205,-93.218,82.54,43.0,1.0,4.0,US,1628989342.0
wadi musa,30.3222,35.4793,68.02,63.0,0.0,1.7,JO,1628989342.0
libreville,0.3925,9.4537,78.82,83.0,40.0,10.36,GA,1628989343.0
bonthe,7.5264,-12.505,76.77,79.0,100.0,9.13,SL,1628989343.0
pisco,-13.7,-76.2167,61.02,87.0,36.0,5.35,PE,1628989344.0
togur,58.3631,82.8265,58.57,85.0,96.0,3.87,RU,1628989344.0
semporna,4.4818,118.6112,81.81,80.0,37.0,2.55,MY,1628989344.0
antofagasta,-23.65,-70.4,57.02,78.0,49.0,5.19,CL,1628989204.0
glenwood springs,39.5505,-107.3248,91.2,24.0,1.0,5.75,US,1628989345.0
bichura,50.5881,107.6022,70.39,66.0,50.0,0.92,RU,1628989345.0
del rio,29.3627,-100.8968,93.42,37.0,67.0,14.25,US,1628989346.0
zhuhai,22.2769,113.5678,82.71,89.0,40.0,10.36,CN,1628989346.0
petrolina,-9.3986,-40.5008,72.07,58.0,4.0,13.96,BR,1628989346.0
mattawa,46.7379,-119.9028,102.72,11.0,7.0,21.25,US,1628989347.0
chokurdakh,70.6333,147.9167,44.56,68.0,100.0,12.62,RU,1628989347.0
bongandanga,1.5,21.05,70.95,83.0,57.0,1.14,CD,1628989347.0
rhyl,53.3196,-3.4886,61.74,94.0,100.0,5.44,GB,1628989348.0
solnechnyy,50.7214,136.6319,74.77,47.0,11.0,4.12,RU,1628989349.0
nautla,20.2167,-96.7833,82.44,72.0,3.0,5.12,MX,1628989349.0
esperance,-33.8667,121.9,58.66,64.0,87.0,4.16,AU,1628989349.0
naryan-mar,67.6713,53.087,50.04,92.0,100.0,21.77,RU,1628989350.0
olga,43.7444,135.2892,68.58,57.0,0.0,4.61,RU,1628989350.0
biak,-0.9131,122.8766,80.1,74.0,62.0,7.45,ID,1628989351.0
jurmala,56.968,23.7704,60.82,77.0,20.0,9.22,LV,1628989351.0
honningsvag,70.9821,25.9704,47.3,70.0,85.0,6.82,NO,1628989351.0
quatre cocos,-20.2078,57.7625,68.09,76.0,97.0,18.25,MU,1628989352.0
shenzhen,22.5455,114.0683,82.35,90.0,100.0,4.94,CN,1628988823.0
klyuchi,52.2667,79.1667,58.03,66.0,74.0,5.14,RU,1628989352.0
port elizabeth,-33.918,25.5701,49.1,78.0,3.0,3.96,ZA,1628989286.0
pacific grove,36.6177,-121.9166,83.8,85.0,90.0,4.0,US,1628989078.0
klaksvik,62.2266,-6.589,50.92,92.0,100.0,11.79,FO,1628989353.0
jamestown,42.097,-79.2353,64.36,89.0,66.0,3.89,US,1628989132.0
talnakh,69.4865,88.3972,54.79,80.0,100.0,9.95,RU,1628989353.0
pierre,44.3683,-100.351,90.86,38.0,0.0,5.99,US,1628989354.0
khovu-aksy,51.1333,93.6,59.86,76.0,100.0,2.24,RU,1628989354.0
el seibo,18.7641,-69.0375,77.07,92.0,16.0,5.41,DO,1628989355.0
codrington,-38.2667,141.9667,57.74,69.0,0.0,20.96,AU,1628989355.0
castro,-24.7911,-50.0119,55.09,93.0,100.0,4.45,BR,1628989356.0
thompson,55.7435,-97.8558,78.73,45.0,15.0,3.15,CA,1628989356.0
kaduqli,11.0167,29.7167,69.37,96.0,100.0,3.38,SD,1628989356.0
escanaba,45.7453,-87.0646,73.36,64.0,1.0,6.91,US,1628988769.0
port hardy,50.6996,-127.4199,65.25,82.0,100.0,9.48,CA,1628989357.0
sioux lookout,50.1001,-91.917,69.33,47.0,25.0,6.26,CA,1628989357.0
mackay,-21.15,149.2,74.05,69.0,12.0,15.3,AU,1628989358.0
porosozero,62.7191,32.727,55.49,96.0,70.0,8.19,RU,1628989358.0
adrar,20.5022,-10.0711,95.45,18.0,54.0,2.37,MR,1628989338.0
vestmannaeyjar,63.4427,-20.2734,53.83,85.0,7.0,19.13,IS,1628989359.0
georgetown,5.4112,100.3354,79.9,89.0,20.0,2.3,MY,1628989283.0
cankuzo,-3.1333,30.5833,62.08,54.0,29.0,2.82,BI,1628989359.0
kavaratti,10.5669,72.642,81.23,77.0,100.0,16.26,IN,1628989360.0
cidreira,-30.1811,-50.2056,58.46,97.0,38.0,11.18,BR,1628989360.0
ahipara,-35.1667,173.1667,57.34,53.0,52.0,7.4,NZ,1628989360.0
badarpur,24.9,92.6,77.65,97.0,100.0,1.59,IN,1628989361.0
vallenar,-28.5708,-70.7581,55.6,67.0,100.0,2.66,CL,1628989361.0
along,28.1667,94.7667,74.97,100.0,100.0,0.74,IN,1628989361.0
qui nhon,13.7667,109.2333,86.07,61.0,90.0,6.33,VN,1628989243.0
wani,20.0667,78.95,80.49,72.0,98.0,8.3,IN,1628989362.0
east london,-33.0153,27.9116,58.32,66.0,100.0,4.74,ZA,1628989362.0
weiser,44.251,-116.9693,101.32,17.0,5.0,4.27,US,1628989363.0
saint-augustin,51.226,-58.6502,63.66,96.0,83.0,4.5,CA,1628989363.0
aksarayskiy,46.7924,48.0119,71.55,70.0,0.0,8.72,RU,1628989364.0
tunkas,20.9,-88.75,80.58,73.0,2.0,7.29,MX,1628989364.0
lyskovo,56.0328,45.0422,55.63,85.0,0.0,3.31,RU,1628989364.0
nouakchott,18.0858,-15.9785,82.33,85.0,63.0,13.65,MR,1628989311.0
vavuniya,8.7514,80.4971,76.55,83.0,100.0,6.49,LK,1628989365.0
ponta do sol,32.6667,-17.1,76.12,30.0,31.0,2.06,PT,1628989365.0
san rafael,-34.6177,-68.3301,56.82,22.0,100.0,8.21,AR,1628989366.0
mukhen,48.1,136.1,75.2,54.0,100.0,2.21,RU,1628989366.0
haines junction,60.7522,-137.5108,57.42,49.0,100.0,6.35,CA,1628989367.0
aswan,24.0934,32.907,88.84,17.0,0.0,12.53,EG,1628989367.0
portland,45.5234,-122.6762,97.9,42.0,81.0,7.96,US,1628988907.0
hovd,48.0056,91.6419,64.9,52.0,100.0,3.04,MN,1628989367.0
sinnamary,5.3833,-52.95,77.13,88.0,38.0,8.3,GF,1628989368.0
mar del plata,-38.0023,-57.5575,46.42,100.0,0.0,5.75,AR,1628989140.0
tuatapere,-46.1333,167.6833,54.82,72.0,73.0,7.18,NZ,1628989368.0
sibolga,1.7427,98.7792,77.32,86.0,100.0,2.01,ID,1628989369.0
spring valley,36.108,-115.245,105.3,23.0,75.0,1.01,US,1628989369.0
baykit,61.67,96.37,56.77,93.0,100.0,3.53,RU,1628989370.0
sao gabriel da cachoeira,-0.1303,-67.0892,71.92,95.0,93.0,2.21,BR,1628989370.0
abu samrah,35.3029,37.1841,74.77,66.0,0.0,7.65,SY,1628989370.0
ojinaga,29.5667,-104.4167,93.27,27.0,97.0,11.23,MX,1628989371.0
chuy,-33.6971,-53.4616,54.97,96.0,100.0,3.74,UY,1628989371.0
nelson bay,-32.7167,152.15,66.78,66.0,0.0,1.99,AU,1628989371.0
makakilo city,21.3469,-158.0858,82.15,68.0,75.0,6.91,US,1628989372.0
ghanzi,-21.5667,21.7833,56.64,47.0,0.0,10.42,BW,1628989372.0
narsaq,60.9167,-46.05,48.42,89.0,100.0,1.92,GL,1628989373.0
port lincoln,-34.7333,135.8667,60.01,54.0,0.0,13.09,AU,1628989373.0
neiafu,-18.65,-173.9833,75.88,57.0,40.0,8.05,TO,1628989373.0
port hawkesbury,45.6169,-61.3485,74.59,94.0,20.0,3.0,CA,1628989374.0
fairview,40.8126,-73.999,83.43,60.0,75.0,5.99,US,1628988940.0
vardo,70.3705,31.1107,49.17,84.0,67.0,7.92,NO,1628989374.0
wanaka,-44.7,169.15,46.47,81.0,100.0,7.72,NZ,1628989375.0
tazovskiy,67.4667,78.7,57.87,91.0,100.0,17.34,RU,1628989375.0
byron bay,-28.65,153.6167,75.06,64.0,0.0,0.51,AU,1628989376.0
umarkot,25.3616,69.7362,81.82,66.0,98.0,19.66,PK,1628989376.0
shenjiamen,29.9576,122.298,78.93,90.0,100.0,8.61,CN,1628989377.0
khash,28.2211,61.2158,72.91,21.0,33.0,2.95,IR,1628989377.0
natal,-5.795,-35.2094,75.85,83.0,20.0,5.75,BR,1628989218.0
san rafael del sur,11.8485,-86.4384,78.19,83.0,100.0,10.47,NI,1628989378.0
taltal,-25.4,-70.4833,55.51,81.0,40.0,3.74,CL,1628989273.0
gurlan,41.8447,60.3919,57.27,27.0,0.0,8.59,UZ,1628989378.0
ormara,25.2088,64.6357,79.25,85.0,100.0,11.27,PK,1628989266.0
dryden,49.7833,-92.7503,70.34,46.0,12.0,4.16,CA,1628989215.0
belmonte,-15.8631,-38.8828,70.3,83.0,6.0,5.3,BR,1628989379.0
kamaishi,39.2667,141.8833,66.65,89.0,100.0,10.8,JP,1628989379.0
jian,27.1172,114.9793,78.21,91.0,100.0,2.13,CN,1628989380.0
longyearbyen,78.2186,15.6401,40.84,81.0,75.0,5.75,SJ,1628989380.0
sao joao da barra,-21.6403,-41.0511,68.14,92.0,50.0,8.43,BR,1628989380.0
pauini,-7.7136,-66.9764,76.17,52.0,8.0,1.88,BR,1628989381.0
cherskiy,68.75,161.3,45.19,74.0,100.0,11.86,RU,1628989381.0
tiarei,-17.5333,-149.3333,84.22,74.0,21.0,5.91,PF,1628989382.0
wajir,1.7471,40.0573,72.48,74.0,100.0,17.72,KE,1628989382.0
etchojoa,26.9167,-109.6333,95.27,54.0,12.0,9.28,MX,1628989383.0
asau,46.4333,26.4,62.96,81.0,2.0,4.21,RO,1628989383.0
walvis bay,-22.9575,14.5053,57.09,83.0,0.0,8.39,NA,1628989384.0
nanortalik,60.1432,-45.2371,48.24,97.0,100.0,5.1,GL,1628989384.0
vila velha,-20.3297,-40.2925,70.18,83.0,20.0,3.71,BR,1628989384.0
katsuura,35.1333,140.3,71.62,95.0,100.0,9.4,JP,1628989385.0
waipawa,-41.4122,175.5153,52.43,53.0,0.0,3.38,NZ,1628989385.0
camacupa,-12.0167,17.4833,58.59,26.0,0.0,3.78,AO,1628989385.0
lasa,46.6166,10.7002,67.03,86.0,0.0,2.64,IT,1628989386.0
abha,18.2164,42.5053,69.4,37.0,11.0,3.38,SA,1628989348.0
carnarvon,-24.8667,113.6333,63.73,33.0,0.0,11.3,AU,1628989386.0
praia da vitoria,38.7333,-27.0667,72.75,92.0,18.0,3.31,PT,1628989387.0
ambilobe,-13.2,49.05,65.86,82.0,0.0,3.36,MG,1628989387.0
turayf,31.6725,38.6637,77.02,34.0,0.0,7.34,SA,1628989388.0
yar-sale,66.8333,70.8333,58.59,72.0,15.0,17.58,RU,1628989388.0
drovyanaya,51.5833,113.0333,60.31,69.0,9.0,3.78,RU,1628989388.0
san quintin,30.4833,-115.95,74.01,71.0,11.0,15.03,MX,1628989389.0
liverpool,53.4106,-2.9779,61.68,86.0,90.0,1.01,GB,1628989314.0
ilulissat,69.2167,-51.1,46.42,93.0,90.0,8.05,GL,1628989389.0
torbay,47.6666,-52.7314,71.76,94.0,90.0,4.61,CA,1628989390.0
grindavik,63.8424,-22.4338,51.57,87.0,75.0,6.91,IS,1628989390.0
nabire,-3.3667,135.4833,83.98,70.0,88.0,2.35,ID,1628989390.0
batagay,67.6333,134.6333,50.14,72.0,100.0,3.4,RU,1628989391.0
touros,-5.1989,-35.4608,76.1,86.0,10.0,17.76,BR,1628989391.0
aklavik,68.2191,-135.0107,61.18,42.0,58.0,12.12,CA,1628989392.0
onguday,50.75,86.15,54.05,98.0,100.0,2.28,RU,1628989392.0
jijiga,9.35,42.8,65.08,68.0,55.0,20.0,ET,1628989392.0
rawson,-43.3002,-65.1023,49.15,70.0,100.0,6.06,AR,1628989393.0
half moon bay,37.4636,-122.4286,87.62,75.0,40.0,12.66,US,1628989393.0
pokhara,28.2333,83.9833,71.6,98.0,100.0,1.39,NP,1628989393.0
laguna,38.421,-121.4238,106.32,31.0,1.0,4.0,US,1628989394.0
waddan,29.1614,16.139,75.27,65.0,0.0,7.2,LY,1628989394.0
victoria,22.2855,114.1577,82.45,88.0,100.0,1.01,HK,1628989190.0
pak phanang,8.3511,100.202,81.03,75.0,100.0,8.37,TH,1628989395.0
calinesti,44.8167,25.05,68.49,56.0,0.0,3.76,RO,1628989395.0
filadelfia,39.9523,-75.1638,83.21,72.0,34.0,6.06,US,1628989139.0
mount pleasant,32.7941,-79.8626,79.18,94.0,40.0,1.99,US,1628989369.0
asfi,32.2994,-9.2372,81.57,49.0,65.0,11.07,MA,1628989396.0
sunndalsora,62.6754,8.5515,55.45,97.0,100.0,3.51,NO,1628989396.0
souillac,-20.5167,57.5167,68.36,77.0,85.0,17.65,MU,1628989397.0
chatham,51.3789,0.5279,63.93,85.0,100.0,5.01,GB,1628989397.0
moose factory,51.2585,-80.6094,56.98,67.0,100.0,6.69,CA,1628989397.0
roebourne,-20.7833,117.1333,76.95,24.0,64.0,7.07,AU,1628989398.0
cap malheureux,-19.9842,57.6142,68.47,75.0,100.0,5.01,MU,1628989398.0
harihar,14.5167,75.8,69.46,92.0,100.0,8.57,IN,1628989399.0
zeya,53.75,127.2667,72.66,57.0,2.0,2.89,RU,1628989399.0
bengkulu,-3.8004,102.2655,77.67,85.0,100.0,2.93,ID,1628989399.0
palmer,42.1584,-72.3287,77.11,67.0,12.0,4.52,US,1628989252.0
padang,-0.9492,100.3543,76.93,89.0,100.0,3.36,ID,1628989400.0
slave lake,55.2834,-114.769,71.31,46.0,99.0,11.39,CA,1628989214.0
coquimbo,-29.9533,-71.3436,52.57,85.0,100.0,2.26,CL,1628989400.0
toyooka,35.5333,134.8333,77.38,82.0,100.0,5.77,JP,1628989401.0
temiscaming,46.7212,-79.0971,60.48,68.0,1.0,2.37,CA,1628989401.0
mandiana,10.6333,-8.6833,69.58,92.0,100.0,6.93,GN,1628989402.0
melfi,40.9965,15.6514,72.39,43.0,0.0,4.68,IT,1628989402.0
manado,1.487,124.8455,84.97,65.0,20.0,3.44,ID,1628989338.0
esna,25.2934,32.554,86.2,18.0,0.0,10.02,EG,1628989402.0
djibo,14.1022,-1.6306,77.4,76.0,100.0,6.06,BF,1628989403.0
saint-pierre,-21.3393,55.4781,67.64,80.0,90.0,5.75,RE,1628989403.0
axim,4.8699,-2.2405,74.91,84.0,9.0,7.54,GH,1628989404.0
srednekolymsk,67.45,153.6833,48.85,62.0,98.0,13.94,RU,1628989404.0
nichinan,31.6,131.3667,79.75,93.0,100.0,9.04,JP,1628989404.0
knokke-heist,51.3333,3.3333,64.42,87.0,100.0,8.3,BE,1628989405.0
komsomolskiy,40.4272,71.7189,77.72,23.0,100.0,13.8,UZ,1628989405.0
saldanha,-33.0117,17.9442,52.2,65.0,6.0,8.19,ZA,1628989405.0
krasnoselkup,65.7,82.4667,60.98,80.0,100.0,18.12,RU,1628989406.0
niono,14.2526,-5.993,73.9,83.0,100.0,2.44,ML,1628989406.0
ocos,14.5094,-92.1933,84.31,77.0,100.0,8.01,GT,1628989407.0
bardiyah,31.7561,25.0865,77.56,72.0,0.0,5.95,LY,1628989407.0
forestville,38.8451,-76.875,83.73,84.0,75.0,0.0,US,1628989407.0
necochea,-38.5473,-58.7368,46.04,77.0,0.0,9.69,AR,1628989408.0
santa isabel do rio negro,-0.4139,-65.0192,72.99,92.0,100.0,2.46,BR,1628989408.0
atherton,53.5237,-2.4935,62.58,95.0,56.0,3.22,GB,1628989408.0
bambous virieux,-20.3428,57.7575,68.22,76.0,98.0,18.54,MU,1628989409.0
kermanshah,34.3142,47.065,70.07,24.0,0.0,3.78,IR,1628989409.0
puga,21.5833,-104.8167,75.06,88.0,88.0,4.23,MX,1628989410.0
laranja da terra,-19.8989,-41.0567,68.29,77.0,46.0,3.36,BR,1628989410.0
qiongshan,20.0058,110.3542,81.52,83.0,100.0,6.44,CN,1628989410.0
te anau,-45.4167,167.7167,45.0,94.0,100.0,6.73,NZ,1628989411.0
nibong tebal,5.1659,100.4779,79.95,87.0,100.0,2.51,MY,1628989411.0
tonneins,44.3921,0.3124,73.62,90.0,0.0,7.85,FR,1628989411.0
lake city,30.1897,-82.6393,77.79,78.0,100.0,5.95,US,1628989412.0
mount isa,-20.7333,139.5,78.57,31.0,0.0,10.36,AU,1628989412.0
marsh harbour,26.5412,-77.0636,83.1,67.0,100.0,14.45,BS,1628989413.0
yumen,40.2833,97.2,79.05,24.0,6.0,24.9,CN,1628989413.0
coos bay,43.3665,-124.2179,97.86,79.0,85.0,7.0,US,1628989264.0
panalingaan,8.7842,117.4231,84.58,67.0,70.0,3.47,PH,1628989414.0
stornoway,58.2093,-6.3865,55.92,94.0,75.0,4.61,GB,1628989414.0
san jose de rio tinto,14.9333,-85.7,89.17,94.0,94.0,3.47,HN,1628989414.0
lodeynoye pole,60.726,33.5531,58.35,99.0,100.0,7.58,RU,1628989415.0
copiapo,-27.3667,-70.3333,58.05,64.0,59.0,1.03,CL,1628989220.0
lorengau,-2.0226,147.2712,85.12,69.0,67.0,9.22,PG,1628989415.0
methoni,36.8197,21.7049,71.46,56.0,0.0,3.83,GR,1628989416.0
karpathos,35.507,27.2132,76.55,78.0,0.0,14.85,GR,1628989416.0
wanning,18.8003,110.3967,86.29,70.0,88.0,11.36,CN,1628989416.0
san policarpo,12.1791,125.5072,82.63,73.0,39.0,6.73,PH,1628989417.0
takoradi,4.8845,-1.7554,74.32,86.0,10.0,8.01,GH,1628989417.0
nikolskoye,59.7035,30.7861,62.49,94.0,100.0,6.85,RU,1628989418.0
oistins,13.0667,-59.5333,81.55,73.0,100.0,5.39,BB,1628989319.0
santa marta,11.2408,-74.199,79.34,83.0,33.0,3.2,CO,1628989209.0
vanderhoof,54.0166,-124.0198,77.5,38.0,99.0,11.59,CA,1628989369.0
puri,19.8,85.85,79.32,73.0,100.0,1.12,IN,1628989419.0
atbasar,51.8,68.3333,58.93,54.0,29.0,2.8,KZ,1628989419.0
ginda,30.6945,78.4932,63.36,89.0,19.0,3.6,IN,1628989419.0
the valley,18.217,-63.0578,82.81,86.0,21.0,22.39,AI,1628989420.0
soubre,5.7856,-6.6083,68.65,89.0,55.0,2.46,CI,1628989420.0
coihaique,-45.5752,-72.0662,39.92,91.0,100.0,3.8,CL,1628989420.0
warah,27.4481,67.7978,87.08,53.0,95.0,5.19,PK,1628989421.0
comodoro rivadavia,-45.8667,-67.5,50.63,59.0,100.0,7.43,AR,1628989209.0
ternate,0.8,127.4,82.15,72.0,73.0,0.87,ID,1628989421.0
papara,-3.9839,-38.7273,78.69,86.0,1.0,4.34,BR,1628989422.0
fairbanks,64.8378,-147.7164,57.09,59.0,75.0,5.01,US,1628989397.0
villaba,11.2135,124.3921,84.27,68.0,58.0,2.86,PH,1628989422.0
charlestown,-32.95,151.6667,70.21,70.0,0.0,6.02,AU,1628989423.0
ust-nera,64.5667,143.2,65.98,55.0,92.0,2.8,RU,1628989423.0
bayeux,-7.125,-34.9322,74.03,94.0,20.0,9.22,BR,1628989423.0
iqaluit,63.7506,-68.5145,40.77,99.0,100.0,14.09,CA,1628989275.0
hamilton,39.1834,-84.5333,77.85,61.0,40.0,10.36,US,1628989233.0
bajil,15.0584,43.2851,89.78,47.0,89.0,4.09,YE,1628989424.0
springbok,-29.6643,17.8865,46.53,64.0,0.0,11.61,ZA,1628989424.0
galesburg,40.9478,-90.3712,73.11,73.0,1.0,4.61,US,1628989425.0
eenhana,-17.4667,16.3333,59.11,28.0,0.0,0.83,NA,1628989425.0
pasighat,28.0667,95.3333,76.06,98.0,100.0,1.61,IN,1628989426.0
tomatlan,19.9333,-105.25,82.65,81.0,5.0,5.08,MX,1628989426.0
ankazobe,-18.3167,47.1167,55.81,83.0,12.0,8.48,MG,1628989426.0
richards bay,-28.783,32.0377,57.56,81.0,100.0,6.8,ZA,1628989427.0
rexburg,43.826,-111.7897,89.58,20.0,1.0,8.05,US,1628989427.0
marawi,7.9986,124.2928,73.65,65.0,100.0,2.15,PH,1628989427.0
opuwo,-18.0607,13.84,58.98,49.0,0.0,2.35,NA,1628989428.0
augusto correa,-1.0217,-46.635,73.47,96.0,99.0,3.4,BR,1628989428.0
abu dhabi,24.4667,54.3667,91.6,75.0,11.0,3.27,AE,1628989205.0
eyl,7.9803,49.8164,77.34,71.0,71.0,24.09,SO,1628989429.0
berbera,10.4396,45.0143,91.65,40.0,100.0,26.46,SO,1628989429.0
dunedin,-45.8742,170.5036,53.35,52.0,100.0,5.46,NZ,1628989183.0
harper,4.375,-7.7169,74.82,74.0,9.0,6.67,LR,1628989430.0
flin flon,54.7682,-101.865,82.29,37.0,83.0,5.79,CA,1628989430.0
gemena,3.25,19.7667,70.56,97.0,100.0,1.1,CD,1628989430.0
praya,14.9215,-23.5087,77.54,78.0,20.0,6.91,CV,1628989431.0
ryabovo,59.4,31.1333,62.26,98.0,100.0,5.68,RU,1628989431.0
college,64.8569,-147.8028,55.99,58.0,75.0,5.01,US,1628989432.0
nsanje,-16.92,35.262,66.65,85.0,93.0,4.88,MW,1628989432.0
adeje,28.1227,-16.726,82.87,83.0,20.0,3.44,ES,1628989432.0
morondava,-20.2833,44.2833,69.1,63.0,0.0,10.33,MG,1628989433.0
muros,42.7762,-9.0603,66.99,86.0,3.0,7.43,ES,1628989433.0
tucumcari,35.1717,-103.725,81.95,54.0,1.0,11.5,US,1628989434.0
leningradskiy,69.3833,178.4167,36.81,95.0,100.0,16.6,RU,1628989434.0
bend,44.0582,-121.3153,95.25,16.0,1.0,1.99,US,1628989419.0
yeppoon,-23.1333,150.7333,73.18,63.0,1.0,13.24,AU,1628989434.0
elizabeth city,36.2946,-76.2511,86.02,82.0,40.0,11.5,US,1628989435.0
ciudad bolivar,8.1222,-63.5497,75.83,88.0,100.0,7.94,VE,1628989435.0
portales,34.1862,-103.3344,78.33,54.0,18.0,1.01,US,1628989220.0
olafsvik,64.8945,-23.7142,52.7,85.0,81.0,14.07,IS,1628989436.0
pitiquito,30.7,-112.0833,93.4,68.0,94.0,7.34,MX,1628989436.0
marsa matruh,31.3525,27.2453,77.49,70.0,0.0,10.56,EG,1628989436.0
saint-georges,12.0564,-61.7485,80.6,77.0,100.0,6.11,GD,1628989312.0
plettenberg bay,-34.0527,23.3716,53.46,71.0,0.0,4.36,ZA,1628989437.0
mabaruma,8.2,-59.7833,74.14,98.0,99.0,2.73,GY,1628989393.0
opunake,-39.4556,173.8583,56.34,62.0,100.0,15.66,NZ,1628989438.0
surt,31.2089,16.5887,81.25,64.0,0.0,12.17,LY,1628989438.0
boffa,10.1667,-14.0333,74.48,96.0,100.0,4.76,GN,1628989439.0
bagdarin,54.4333,113.6,63.48,71.0,16.0,4.09,RU,1628989439.0
keuruu,62.2667,24.7,55.8,97.0,100.0,7.4,FI,1628989439.0
lagoa,39.05,-27.9833,71.04,81.0,79.0,12.3,PT,1628989283.0
kloulklubed,7.0419,134.2556,84.65,71.0,90.0,9.28,PW,1628989440.0
paithan,19.4833,75.3833,74.03,82.0,97.0,5.68,IN,1628989441.0
caraballeda,10.6112,-66.8522,78.78,89.0,78.0,2.1,VE,1628989441.0
kakanj,44.1272,18.1181,65.64,59.0,0.0,2.53,BA,1628989441.0
dubti,11.7361,41.0853,87.76,44.0,99.0,15.93,ET,1628989442.0
hami,42.8,93.45,87.85,18.0,100.0,8.28,CN,1628989442.0
pacifica,37.6138,-122.4869,88.56,83.0,40.0,7.0,US,1628989443.0
turangi,-39.0,175.9333,50.31,55.0,12.0,4.54,NZ,1628989443.0
iracoubo,5.4802,-53.2011,76.66,90.0,81.0,8.25,GF,1628989443.0
poum,-20.2333,164.0167,71.44,57.0,1.0,14.7,NC,1628989444.0
le port,-20.9373,55.2919,67.96,74.0,38.0,8.75,RE,1628989444.0
los llanos de aridane,28.6585,-17.9182,69.55,83.0,0.0,17.27,ES,1628989445.0
paita,-5.0892,-81.1144,64.49,88.0,9.0,15.3,PE,1628989445.0
yalta,44.5,34.1667,70.86,61.0,100.0,9.44,UA,1628989446.0
majene,-3.5403,118.9707,81.16,74.0,20.0,7.18,ID,1628989446.0
sorland,67.667,12.6934,52.11,79.0,99.0,22.68,NO,1628989446.0
hualmay,-11.0964,-77.6139,62.56,83.0,21.0,10.2,PE,1628989447.0
acarau,-2.8856,-40.12,76.23,79.0,18.0,8.25,BR,1628989447.0
envira,-7.3,-70.2167,77.04,50.0,4.0,2.44,BR,1628989448.0
vila franca do campo,37.7167,-25.4333,73.81,89.0,60.0,11.83,PT,1628989448.0
banff,51.1762,-115.5698,84.58,24.0,97.0,15.21,CA,1628989448.0
tooele,40.5308,-112.2983,94.89,25.0,1.0,10.36,US,1628989269.0
leh,34.1667,77.5833,54.28,52.0,99.0,6.62,IN,1628989449.0
chimore,-16.9833,-65.1333,66.79,53.0,0.0,2.93,BO,1628989449.0
campobasso,41.6333,14.5833,70.16,34.0,0.0,2.51,IT,1628989450.0
walla walla,46.0646,-118.343,100.47,24.0,1.0,4.61,US,1628989429.0
vagur,61.4732,-6.8119,50.76,97.0,100.0,11.27,FO,1628989450.0
sibu,2.3,111.8167,76.46,96.0,100.0,2.71,MY,1628989451.0
vilani,56.5525,26.9245,54.03,90.0,100.0,9.13,LV,1628989451.0
inyonga,-6.7167,32.0667,66.54,50.0,34.0,8.03,TZ,1628989451.0
chumikan,54.7183,135.315,73.6,57.0,8.0,14.2,RU,1628989452.0
edson,53.5835,-116.4356,77.14,40.0,89.0,4.94,CA,1628989453.0
alofi,-19.0595,-169.9187,72.34,70.0,45.0,18.72,NU,1628989453.0
aldan,58.6031,125.3894,72.03,50.0,64.0,8.61,RU,1628989453.0
storm lake,42.6411,-95.2097,77.34,64.0,1.0,6.91,US,1628989411.0
nicoya,10.1483,-85.452,72.95,95.0,100.0,4.32,CR,1628989454.0
oktyabrskoye,43.0645,44.7417,64.54,100.0,100.0,4.47,RU,1628989454.0
mehamn,71.0357,27.8492,46.78,76.0,100.0,9.35,NO,1628989455.0
kamal,-7.1678,112.7192,82.29,65.0,8.0,6.78,ID,1628989455.0
fernie,49.5,-115.0687,85.6,22.0,0.0,10.58,CA,1628989456.0
ola,59.5833,151.2833,59.25,87.0,90.0,5.79,RU,1628989456.0
sambava,-14.2667,50.1667,67.3,85.0,10.0,12.06,MG,1628989457.0
olutanga,7.3106,122.8464,82.51,75.0,89.0,4.43,PH,1628989457.0
taoudenni,22.6783,-3.9836,98.28,10.0,12.0,6.62,ML,1628989457.0
san patricio,28.017,-97.5169,87.66,61.0,67.0,11.83,US,1628989458.0
pelym,61.0108,61.9978,57.81,81.0,0.0,7.78,RU,1628989458.0
cururupu,-1.8283,-44.8683,73.42,94.0,9.0,2.33,BR,1628989459.0
port keats,-14.25,129.55,86.59,38.0,0.0,6.98,AU,1628989459.0
yanaul,56.2719,54.9309,63.16,75.0,100.0,2.75,RU,1628989459.0
isla mujeres,21.2311,-86.731,82.45,79.0,95.0,4.88,MX,1628989460.0
ewa beach,21.3156,-158.0072,89.55,56.0,20.0,10.36,US,1628989460.0
aykhal,66.0,111.5,52.41,69.0,100.0,8.77,RU,1628989461.0
mount gambier,-37.8333,140.7667,58.91,67.0,0.0,18.41,AU,1628989461.0
zaza del medio,21.9961,-79.3669,73.87,89.0,100.0,5.46,CU,1628989462.0
kahului,20.8947,-156.47,86.97,67.0,40.0,24.16,US,1628989462.0
mian channun,30.44,72.3543,87.04,44.0,0.0,7.18,PK,1628989238.0
lebanon,36.2081,-86.2911,78.58,85.0,20.0,3.44,US,1628989463.0
kupino,54.3663,77.2981,56.21,87.0,73.0,4.61,RU,1628989463.0
nemuro,43.3236,145.575,57.22,86.0,24.0,12.5,JP,1628989463.0
havelock,34.8791,-76.9013,83.95,87.0,100.0,8.46,US,1628989148.0
charters towers,-20.1,146.2667,76.17,44.0,0.0,12.55,AU,1628989464.0
canatlan,24.5167,-104.7833,65.32,75.0,99.0,3.87,MX,1628989464.0
poshekhonye,58.4993,39.1353,57.79,85.0,41.0,7.96,RU,1628989465.0
dwarka,22.2394,68.9678,80.35,81.0,100.0,18.61,IN,1628989465.0
sakakah,29.9697,40.2064,85.37,19.0,2.0,6.82,SA,1628989465.0
bandarbeyla,9.4942,50.8122,78.19,71.0,100.0,27.25,SO,1628989466.0
san luis,-33.295,-66.3356,50.16,27.0,24.0,4.5,AR,1628989466.0
jaunpur,25.7333,82.6833,82.42,84.0,100.0,5.77,IN,1628989467.0
shangrao,28.4532,117.9686,78.76,90.0,99.0,1.45,CN,1628989467.0
mozelos,41.8677,-8.3978,68.23,75.0,0.0,4.76,PT,1628989468.0
xiongyue,40.1774,122.1228,76.82,65.0,26.0,1.86,CN,1628989468.0
myitkyina,25.3833,97.4,75.16,100.0,100.0,0.58,MM,1628989468.0
sudzha,51.1976,35.2726,58.86,73.0,4.0,3.83,RU,1628989469.0
mezen,65.8522,44.24,50.81,94.0,100.0,5.59,RU,1628989469.0
ruteng,-8.6136,120.4721,70.92,60.0,0.0,1.88,ID,1628989469.0
atasu,48.6814,71.6433,54.63,59.0,30.0,10.51,KZ,1628989470.0
genhe,50.7833,121.5167,65.17,60.0,100.0,1.86,CN,1628989470.0
fukue,32.6881,128.8419,79.07,79.0,100.0,18.92,JP,1628989471.0
sur,22.5667,59.5289,84.9,62.0,50.0,8.75,OM,1628989471.0
burnie,-41.0667,145.9167,54.3,81.0,38.0,27.18,AU,1628989471.0
forrest city,35.0081,-90.7898,80.83,86.0,97.0,9.6,US,1628989416.0
ketchikan,55.3422,-131.6461,59.47,77.0,90.0,12.66,US,1628989267.0
manokwari,-0.8667,134.0833,82.42,70.0,85.0,5.35,ID,1628989472.0
san ignacio,17.1561,-89.0714,78.94,89.0,75.0,6.91,BZ,1628989472.0
guerrero negro,27.9769,-114.0611,76.77,67.0,99.0,20.29,MX,1628989186.0
mbandaka,0.0487,18.2603,70.14,88.0,16.0,0.81,CD,1628989473.0
nova olimpia,-14.7972,-57.2881,73.74,40.0,27.0,2.55,BR,1628989473.0
ara,25.5667,84.6667,78.69,81.0,100.0,4.61,IN,1628989474.0
kolobovo,56.702,41.3417,57.67,78.0,14.0,4.88,RU,1628989474.0
domoni,-12.2569,44.5319,75.51,78.0,27.0,11.9,KM,1628989475.0
alta floresta,-9.8756,-56.0861,81.01,31.0,100.0,3.06,BR,1628989197.0
bambanglipuro,-7.95,110.2833,79.92,75.0,5.0,5.93,ID,1628989475.0
ambovombe,-25.1667,46.0833,60.12,72.0,73.0,14.67,MG,1628989475.0
kalyazin,57.2403,37.8433,55.99,84.0,86.0,8.1,RU,1628989476.0
linqiong,30.4159,103.4609,74.53,88.0,97.0,5.48,CN,1628989476.0
bay roberts,47.5999,-53.2648,72.52,93.0,65.0,1.99,CA,1628989477.0
barreirinhas,-2.7469,-42.8264,76.77,84.0,3.0,5.93,BR,1628989477.0
avera,33.194,-82.5271,78.31,61.0,100.0,5.39,US,1628989477.0
yerbogachen,61.2767,108.0108,68.92,65.0,99.0,6.87,RU,1628989478.0
ryki,51.6257,21.9327,65.08,86.0,10.0,2.51,PL,1628989478.0
borogontsy,62.6683,131.1683,75.38,51.0,100.0,3.58,RU,1628989479.0
kungurtug,50.5994,97.5228,61.75,73.0,100.0,0.49,RU,1628989479.0
boende,-0.2167,20.8667,70.92,90.0,8.0,2.28,CD,1628989479.0
zhengjiatun,43.5064,123.5064,72.39,74.0,97.0,3.33,CN,1628989480.0
vaitape,-16.5167,-151.75,79.03,72.0,10.0,6.46,PF,1628989480.0
visby,57.6409,18.296,61.86,72.0,40.0,23.02,SE,1628989480.0
garden city,42.3256,-83.331,72.95,56.0,1.0,5.75,US,1628989307.0
lata,40.1629,-8.3327,63.91,89.0,5.0,1.41,PT,1628989481.0
rabo de peixe,37.8,-25.5833,72.91,88.0,75.0,8.05,PT,1628989481.0
rio grande,-32.035,-52.0986,57.94,95.0,100.0,6.78,BR,1628989434.0
stolin,51.8912,26.846,62.24,93.0,100.0,6.73,BY,1628989482.0
yanam,16.7333,82.2167,82.8,79.0,100.0,6.71,IN,1628989482.0
luanda,-8.8368,13.2343,71.83,87.0,99.0,10.22,AO,1628989324.0
la ronge,55.1001,-105.2842,84.99,28.0,100.0,14.63,CA,1628989483.0
azuaga,38.2667,-5.6833,86.97,26.0,11.0,3.49,ES,1628989483.0
kampot,10.6167,104.1833,75.25,76.0,100.0,3.69,KH,1628989484.0
culiacan,24.7994,-107.3897,90.16,74.0,93.0,4.85,MX,1628989199.0
yuanping,38.7153,112.7575,70.34,77.0,28.0,2.95,CN,1628989484.0
antalaha,-14.9003,50.2788,68.74,83.0,59.0,9.73,MG,1628989485.0
porto torres,40.835,8.3972,75.38,62.0,0.0,2.84,IT,1628989485.0
bilibino,68.0546,166.4372,46.45,69.0,100.0,9.04,RU,1628989486.0
karratha,-20.7377,116.8463,76.01,29.0,73.0,6.98,AU,1628989486.0
nome,64.5011,-165.4064,48.27,93.0,90.0,14.97,US,1628989487.0
dukat,62.55,155.55,59.07,72.0,39.0,15.17,RU,1628989487.0
manaure,11.7751,-72.4445,83.34,71.0,24.0,11.18,CO,1628989487.0
chara,56.9064,118.2631,70.0,51.0,10.0,4.47,RU,1628989488.0
morant bay,17.8815,-76.4093,78.66,83.0,91.0,3.76,JM,1628989488.0
muravlenko,63.7898,74.523,63.07,74.0,24.0,15.32,RU,1628989489.0
chipinge,-20.1883,32.6236,51.15,91.0,92.0,7.7,ZW,1628989332.0
kouango,4.9934,19.9619,70.21,97.0,75.0,2.1,CF,1628989489.0
rosarito,32.3333,-117.0333,84.04,65.0,15.0,12.84,MX,1628989490.0
vao,-22.6667,167.4833,67.42,67.0,13.0,18.07,NC,1628989490.0
anadyr,64.75,177.4833,50.38,94.0,100.0,4.56,RU,1628989491.0
port hedland,-20.3167,118.5667,82.45,20.0,40.0,8.05,AU,1628989491.0
general pico,-35.6566,-63.7568,49.69,48.0,3.0,8.3,AR,1628989492.0
sao jose da coroa grande,-8.8978,-35.1478,73.24,87.0,33.0,8.39,BR,1628989492.0
terrace bay,48.7834,-87.1,61.07,72.0,31.0,10.78,CA,1628989216.0
rio gallegos,-51.6226,-69.2181,44.15,78.0,100.0,6.87,AR,1628989277.0
high rock,26.6208,-78.2833,84.22,68.0,100.0,16.02,BS,1628989493.0
yonago,35.4333,133.3333,77.74,78.0,78.0,11.63,JP,1628989493.0
magistralnyy,56.1725,107.4458,73.56,45.0,14.0,7.07,RU,1628989493.0
hokitika,-42.7167,170.9667,49.64,78.0,100.0,1.34,NZ,1628989494.0
hervey bay,-25.2986,152.8535,73.51,65.0,11.0,3.71,AU,1628989494.0
verkhniy tagil,57.3733,59.9556,59.79,81.0,100.0,4.05,RU,1628989494.0
kapoeta,4.7717,33.5903,69.91,91.0,100.0,4.54,SS,1628989227.0
champerico,14.3,-91.9167,84.34,78.0,100.0,8.37,GT,1628989495.0
moerai,-22.4333,-151.3333,73.18,76.0,7.0,7.29,PF,1628989495.0
tura,25.5198,90.2201,75.67,96.0,100.0,4.14,IN,1628989496.0
teguldet,57.3064,88.1667,56.82,67.0,6.0,3.06,RU,1628989496.0
kutum,14.2,24.6667,71.13,68.0,100.0,8.95,SD,1628989497.0
bucak,37.4592,30.595,73.44,45.0,0.0,6.15,TR,1628989497.0
farah,32.5,62.5,72.68,19.0,0.0,7.0,AF,1628989497.0
glendive,47.1053,-104.7125,96.49,18.0,0.0,0.43,US,1628989397.0
